dataset,n_samples,baseline_IDELB,augmented_IDELB,CL_rel,status,independent_out_of_family
ocp_rank_witness,68,0.5,0.0,1.0,SURVIVES,0
information_real_system,162,0.17901234567901234,0.06172839506172839,0.6551724137931034,SURVIVES,1
gravity_recoverability,220,0.2863636363636364,0.16363636363636364,0.4285714285714286,SURVIVES,0
gravity_blackhole_only,54,0.25925925925925924,0.16666666666666666,0.35714285714285715,SURVIVES,0
