dataset,n_samples,baseline_DFMI,baseline_IDELB,augmented_DFMI,augmented_IDELB,CL_abs,CL_rel
ocp_rank_witness,68.0,1.0,0.5,0.0,0.0,0.5,1.0
information_real_system,162.0,0.4074074074074074,0.17901234567901234,0.0743801652892562,0.06172839506172839,0.11728395061728394,0.6551724137931034
gravity_recoverability,220.0,0.7777777777777778,0.2863636363636364,0.20535714285714285,0.16363636363636364,0.12272727272727274,0.4285714285714286
gravity_blackhole_only,54.0,0.7692307692307693,0.25925925925925924,0.23529411764705882,0.16666666666666666,0.09259259259259259,0.35714285714285715
