{
  "recoverability_residuals": {
    "exact": 0.0,
    "fail": 1.0
  },
  "recoverability_gamma": {
    "B": 1.0,
    "values": [
      2.0,
      2.0,
      0.0
    ]
  },
  "recoverability_transition": {
    "epsilon_approx": 0.1,
    "residual_at_0": 0.0,
    "residual_at_90": 1.0
  },
  "recoverability_augmentation": {
    "rank_before": 1,
    "rank_after": 2,
    "target_rank": 2,
    "delta": 1,
    "residual_before": 1.0,
    "residual_after": 0.0
  },
  "ocp_operator_defects": {
    "exact_preservation_defect": 0.0,
    "exact_disturbance_leakage": 0.0,
    "misaligned_preservation_defect": 0.09059174058954747,
    "misaligned_disturbance_leakage": 0.19623742904288075,
    "rank_before": 1,
    "rank_after": 2,
    "delta": 1
  },
  "mhd_tokamak_lane": {
    "kappas": [
      0.0,
      0.4,
      0.8
    ],
    "constant_eta_R_at_r1": [
      4.0,
      4.0,
      4.0
    ],
    "variable_eta_R_at_r1": [
      8.0,
      8.8,
      9.6
    ]
  },
  "mhd_sheet_scaling": {
    "deltas": [
      0.4,
      0.3,
      0.22,
      0.16,
      0.12,
      0.09,
      0.07,
      0.05
    ],
    "max_values": [
      0.061613818806408184,
      0.07380984755596837,
      0.09570840424433297,
      0.12834495059957363,
      0.1691260432490831,
      0.2240468955410641,
      0.287125845851425,
      0.40100408401752485
    ],
    "fit_slope": 0.01953408514421586,
    "fit_intercept": 0.008297779518609941
  },
  "mhd_domain_behavior": {
    "l2_log_at_0p2": 2.0002722601824128,
    "l2_sqrt_at_0p2": 0.6343396393776386
  },
  "bridge_errors": {
    "mean_div_after_periodic": 0.0,
    "mean_div_after_bounded": 0.0,
    "mean_error_periodic": 0.0,
    "mean_error_bounded": 0.8161934667520057
  }
}