cutoff,exact_recoverable,rank_observation,rank_protected,collision_max_protected_distance,mean_recovery_error,max_recovery_error
0,False,0,2,10.131331885360845,3.8971773634435385,5.065665942680424
1,False,1,2,7.947670612636882,2.9803764797388306,3.973835306318441
2,True,2,2,0.0,4.77076991004621e-15,6.9905302732106895e-15
3,True,2,2,0.0,4.222925795528098e-15,5.778723770970335e-15
