{
  "finite_ocp": {
    "x0": [
      2.0,
      -1.5,
      0.75
    ],
    "exact_recovery": [
      2.0,
      0.0,
      0.0
    ],
    "continuous_correction_t2": [
      2.0,
      -0.20300292485491905,
      0.10150146242745953
    ],
    "initial_disturbance_energy": 2.8125000000000004,
    "corrected_disturbance_energy": 0.051512734374564884
  },
  "qec": {
    "holds": true,
    "max_residual": 0.0,
    "pairwise_image_overlap": 0.0,
    "sector_recovery_errors": [
      0.0,
      0.0,
      0.0,
      0.0
    ],
    "sector_theorem": {
      "pairwise_orthogonal": true,
      "max_pairwise_overlap": 0.0,
      "exact_recovery_errors": [
        0.0,
        0.0,
        0.0,
        0.0
      ],
      "recovery_operator_fro_norm": 2.8284271247461903
    }
  },
  "mhd": {
    "before_l2_divergence": 19.359218295532003,
    "after_projection_l2_divergence": 2.359146931297974e-14,
    "after_glm_l2_divergence": 16.849909741931956,
    "projection_orthogonality_residual": 1.9737298215558337e-16
  },
  "cfd": {
    "periodic": {
      "before_l2_divergence": 19.359218295532003,
      "after_projection_l2_divergence": 2.413565793840428e-14,
      "recovery_l2_error": 1.1728238791187685e-15,
      "idempotence_l2_error": 1.2146786327972174e-15,
      "orthogonality_residual": 0.0
    },
    "bounded_transplant": {
      "before_l2_divergence": 7.188908004215289,
      "after_periodic_projection_l2_divergence": 5.4533400392382e-15,
      "physical_boundary_normal_rms": 2.304408101585748e-32,
      "projected_boundary_normal_rms": 0.031097335905001126
    },
    "divergence_only_no_go_witness": {
      "first_state_divergence_rms": 2.072555745700146e-15,
      "second_state_divergence_rms": 3.790140252378315e-15,
      "state_separation_rms": 3.0742715535244023
    }
  },
  "bounded_domain_projection_limit": {
    "before_l2_divergence": 7.188908004215289,
    "after_periodic_projection_l2_divergence": 5.4533400392382e-15,
    "physical_boundary_normal_rms": 2.304408101585748e-32,
    "projected_boundary_normal_rms": 0.031097335905001126
  },
  "continuous_generators": {
    "invariant_split_example": {
      "report": {
        "annihilates_protected": true,
        "preserves_disturbance": true,
        "protected_mixing_norm": 0.0,
        "disturbance_from_protected_norm": 0.0,
        "disturbance_decay_margin": 1.0
      },
      "x0": [
        2.0,
        -1.0,
        0.5
      ],
      "xt_t2": [
        2.0,
        -0.22088349810536145,
        0.024893534183931972
      ],
      "protected_preserved": true,
      "disturbance_norm_before": 1.118033988749895,
      "disturbance_norm_after": 0.22228182062289262
    },
    "self_adjoint_psd_example": {
      "report": {
        "annihilates_protected": true,
        "preserves_disturbance": true,
        "protected_mixing_norm": 0.0,
        "disturbance_from_protected_norm": 0.0,
        "disturbance_decay_margin": 0.75
      },
      "x0": [
        3.0,
        -4.0,
        1.0
      ],
      "xt_t1_5": [
        3.0,
        -1.298609869433399,
        0.049787068367863944
      ],
      "disturbance_norm_after": 1.2995639057647361,
      "spectral_bound_t1_5": 1.3385764145358656
    },
    "mixing_failure_example": {
      "report": {
        "annihilates_protected": true,
        "preserves_disturbance": false,
        "protected_mixing_norm": 1.0,
        "disturbance_from_protected_norm": 0.0,
        "disturbance_decay_margin": 1.0
      },
      "x0": [
        0.0,
        1.0
      ],
      "xt_t0_5": [
        -0.3934693402873666,
        0.6065306597126334
      ],
      "protected_preserved": false
    },
    "finite_time_exact_recovery_no_go": {
      "times": [
        0.25,
        1.0,
        2.0
      ],
      "exact_recovery_possible": [
        false,
        false,
        false
      ],
      "exact_recovery_residuals": [
        1.0547012060846042,
        0.5185863178210479,
        0.2237596463491998
      ]
    }
  },
  "capacity": {
    "exact_linear": {
      "protected_dim": 1,
      "disturbance_dim": 2,
      "ambient_span_dim": 3,
      "intersection_dim": 0,
      "exact_recovery_possible": true,
      "min_recovery_rank": 1,
      "min_correction_rank": 2
    },
    "qec": {
      "sector_count": 4,
      "pairwise_orthogonal": true,
      "minimum_syndrome_outcomes": 4
    },
    "generator_invariant_split": {
      "protected_dim": 1,
      "disturbance_dim": 2,
      "stable_disturbance_dim": 2,
      "neutral_disturbance_dim": 0,
      "unstable_disturbance_dim": 0,
      "split_preserving": true,
      "protected_mixing_norm": 0.0,
      "disturbance_from_protected_norm": 0.0
    },
    "generator_mixing_failure": {
      "protected_dim": 1,
      "disturbance_dim": 1,
      "stable_disturbance_dim": 1,
      "neutral_disturbance_dim": 0,
      "unstable_disturbance_dim": 0,
      "split_preserving": false,
      "protected_mixing_norm": 1.0,
      "disturbance_from_protected_norm": 0.0
    }
  }
}